"id","date","amount","card","name","ip","email","dob","address"
"7f69f89f-764e-5ee1-ad96-d1b841ccd345","2021-03-10T22:40:50.777Z","540.86","6458-3589-6097-1737","Robin Farrell",,,,
"d6a93dcc-bbf5-5085-87eb-3ad986747cb7","2021-03-11T08:55:11.357Z","646.40","5018-6859-5193-1426","Stanley Torp",,,,"32209-4779"
"cf2ce3c3-ebcb-5ac9-a80a-810461d1cd3e","2021-03-11T02:19:58.686Z","660.53","6399-6702-7601-7229","Carrie Krajcik IV",,,"2020-03-25T09:26:10.719Z","94531-8506"
"9137a5d7-cebe-5ce4-9f33-3986b55e0627","2021-03-11T02:18:48.926Z","199.74","3652-302642-5901","Randy Kozey","36.223.53.146",,,
"2d6bcb77-ab59-5bde-844e-56a7b78b6b96","2021-03-11T01:07:02.894Z","506.00","6759-7745-2799-1638-57","Opal Powlowski","156.28.67.1","Waino16@hotmail.com",,
"8ac4e30f-84d3-5e04-a0d5-9b4e984481cd","2021-03-11T15:42:44.113Z","493.61","3675-125868-4067","Raymond Dooley","127.0.0.1","Rory_Deckow@yahoo.com",,
"176bb112-9471-5dd5-85eb-3bc22e2a716b","2021-03-10T20:16:21.608Z","360.02","3675-125868-4067","Raymond Dooley","31.238.130.132","Ricky99@hotmail.com",,"27682-5952"
"e672b21a-bd83-538b-a3f3-f2da2fc34733","2021-03-11T02:25:40.590Z","354.48","6767-3808-2014-5623","Juana Feest","156.28.67.1",,"2020-08-09T02:46:59.892Z",
"4bd15e58-98e5-524c-abfb-97c146e6cb0d","2021-03-11T02:29:38.401Z","336.99","6767-2429-2910-7468","Mrs. Jenny Aufderhar","218.81.30.228",,,"81263-9779"
"87fec35e-25a4-552a-b29c-d892cba89844","2021-03-10T23:12:03.949Z","188.91","6759-6450-5677-8648","Ernest Aufderhar","127.0.0.1",,,"63955-0322"
"c07ad949-09e7-5fae-a0ac-71fe166085dd","2021-03-11T16:18:18.220Z","776.00","3652-302642-5901","Mrs. Freda Hammes","9.237.177.210",,,
"28232630-dbc8-5d2f-8ab2-41e48a4bad3e","2021-03-11T05:02:30.601Z","51.84","5018-6859-5193-1426","Stanley Torp","109.240.21.91","Kim.Lang68@gmail.com",,"32209-4779"
"41554272-12a3-5fa0-9b7d-d3b4a45f92fe","2021-03-11T08:22:53.126Z","695.50","4477336289669","Lillie Altenwerth","28.240.35.185","Noemy70@hotmail.com",,
"f3d7d075-b5e3-52c1-aaf5-704b7c0d1211","2021-03-11T09:31:59.933Z","388.42","6759-7745-2799-1638-57","Opal Powlowski","156.28.67.1","Cornelius_Marvin@gmail.com","2020-08-09T02:46:59.892Z",
"3f3b27cb-c28a-58ef-9ddd-f8d35513f300","2021-03-11T14:30:49.708Z","632.82","5018-8116-6502-8360","Ernest Aufderhar",,,,
"c6900e01-cb7e-555c-a662-805104fb8002","2021-03-11T00:13:45.770Z","345.72","5499-3802-4809-6223","Eloise Okuneva",,,,
"7aafd688-0178-59e0-842a-1d8d3cdeee61","2021-03-11T01:10:40.662Z","626.15","4445-7798-1561-1957","Daryl Mante","218.81.30.228",,,
"626c8ae3-3369-58fe-9848-b5f82e5f315b","2021-03-11T09:37:36.055Z","300.52","6759-7745-2799-1638-57","Opal Powlowski",,,"2020-05-26T15:59:06.200Z",
"56c25f79-dd32-52f0-a63d-f44f0d6cc416","2021-03-11T11:15:01.972Z","196.66","6399-6702-7601-7229","Jill Runte",,"Laurie.Grimes74@gmail.com","2020-03-25T09:26:10.719Z","94531-8506"
"d830d6c7-60d0-55cb-9d91-4006a4e47a1c","2021-03-10T19:51:51.709Z","414.35","6759-7745-2799-1638-57","Opal Powlowski","127.0.0.1",,"2020-08-09T02:46:59.892Z","21856-7459"
